"Média de Transações","sexo"
"42.28371628371628","F"
"41.333333333333336","M"
