"Média de transações","salario_anual"
"42.82596291012839","menos que $40K"
"42.06423982869379","$40K - $60K"
"41.09756097560975","$60K - $80K"
"40.44672131147541","$80K - $120K"
"39.84234234234234","$120K +"
